{
  "project_info": {
    "project_number": "716000825631",
    "project_id": "androidstudioprojects-2dd26",
    "storage_bucket": "androidstudioprojects-2dd26.appspot.com"
  },
  "client": [
    {
      "client_info": {
        "mobilesdk_app_id": "1:716000825631:android:2d399ab4d8b74c8c44e02a",
        "android_client_info": {
          "package_name": "com.example.myapplication"
        }
      },
      "oauth_client": [
        {
          "client_id": "716000825631-cdq4la9ls17t3sn6jakfk8acbvhqbh0a.apps.googleusercontent.com",
          "client_type": 1,
          "android_info": {
            "package_name": "com.example.myapplication",
            "certificate_hash": "7aecc404e0df4e75ecbfc0c2552352660154c32f"
          }
        },
        {
          "client_id": "716000825631-t1q3pab5alu3u624j8uribsn6uqnrqi7.apps.googleusercontent.com",
          "client_type": 3
        }
      ],
      "api_key": [
        {
          "current_key": "AIzaSyAAm9LN5ZJY0TBAUKrEw_id9uBbVCOrq6I"
        }
      ],
      "services": {
        "appinvite_service": {
          "other_platform_oauth_client": [
            {
              "client_id": "716000825631-t1q3pab5alu3u624j8uribsn6uqnrqi7.apps.googleusercontent.com",
              "client_type": 3
            }
          ]
        }
      }
    },
    {
      "client_info": {
        "mobilesdk_app_id": "1:716000825631:android:575a0d3ff1b2d2f244e02a",
        "android_client_info": {
          "package_name": "com.example.myapplication2"
        }
      },
      "oauth_client": [
        {
          "client_id": "716000825631-t1q3pab5alu3u624j8uribsn6uqnrqi7.apps.googleusercontent.com",
          "client_type": 3
        }
      ],
      "api_key": [
        {
          "current_key": "AIzaSyAAm9LN5ZJY0TBAUKrEw_id9uBbVCOrq6I"
        }
      ],
      "services": {
        "appinvite_service": {
          "other_platform_oauth_client": [
            {
              "client_id": "716000825631-t1q3pab5alu3u624j8uribsn6uqnrqi7.apps.googleusercontent.com",
              "client_type": 3
            }
          ]
        }
      }
    },
    {
      "client_info": {
        "mobilesdk_app_id": "1:716000825631:android:994a5727857629e444e02a",
        "android_client_info": {
          "package_name": "com.example.wordsapp"
        }
      },
      "oauth_client": [
        {
          "client_id": "716000825631-t1q3pab5alu3u624j8uribsn6uqnrqi7.apps.googleusercontent.com",
          "client_type": 3
        }
      ],
      "api_key": [
        {
          "current_key": "AIzaSyAAm9LN5ZJY0TBAUKrEw_id9uBbVCOrq6I"
        }
      ],
      "services": {
        "appinvite_service": {
          "other_platform_oauth_client": [
            {
              "client_id": "716000825631-t1q3pab5alu3u624j8uribsn6uqnrqi7.apps.googleusercontent.com",
              "client_type": 3
            }
          ]
        }
      }
    }
  ],
  "configuration_version": "1"
}